fecha,lead_id,canal,segmento,convertido,dias_a_primera_respuesta
2026-02-01,L00001,facebook,talleres,0,0
2026-02-01,L00002,web,voluntariado,0,2
2026-02-01,L00003,instagram,donacion,0,2
2026-02-02,L00004,web,voluntariado,1,2
2026-02-02,L00005,facebook,general,0,1
2026-02-02,L00006,web,talleres,0,3
2026-02-02,L00007,podium,general,0,0
2026-02-02,L00008,facebook,voluntariado,0,1
2026-02-02,L00009,podium,donacion,0,0
2026-02-02,L00010,instagram,talleres,0,0
2026-02-03,L00011,facebook,talleres,0,2
2026-02-03,L00012,instagram,talleres,0,0
2026-02-03,L00013,facebook,general,0,1
2026-02-03,L00014,web,talleres,1,0
2026-02-03,L00015,instagram,general,1,1
2026-02-03,L00016,facebook,talleres,1,3
2026-02-03,L00017,instagram,talleres,0,3
2026-02-04,L00018,instagram,voluntariado,0,0
2026-02-04,L00019,podium,talleres,1,3
2026-02-04,L00020,facebook,talleres,1,0
2026-02-04,L00021,instagram,voluntariado,0,1
2026-02-04,L00022,facebook,general,0,1
2026-02-04,L00023,facebook,general,0,1
2026-02-04,L00024,podium,general,0,3
2026-02-04,L00025,web,donacion,0,1
2026-02-05,L00026,referido,general,0,1
2026-02-05,L00027,web,talleres,0,0
2026-02-05,L00028,instagram,talleres,0,0
2026-02-05,L00029,web,voluntariado,0,0
2026-02-05,L00030,podium,talleres,0,2
2026-02-05,L00031,referido,voluntariado,0,0
2026-02-06,L00032,instagram,donacion,0,1
2026-02-06,L00033,instagram,talleres,1,1
2026-02-06,L00034,referido,general,0,0
2026-02-06,L00035,instagram,general,0,3
2026-02-06,L00036,facebook,talleres,0,1
2026-02-07,L00037,web,talleres,0,0
2026-02-07,L00038,facebook,talleres,0,0
2026-02-07,L00039,facebook,talleres,1,0
2026-02-08,L00040,referido,voluntariado,0,0
2026-02-08,L00041,facebook,talleres,1,1
2026-02-08,L00042,instagram,talleres,0,0
2026-02-09,L00043,web,voluntariado,0,1
2026-02-09,L00044,instagram,talleres,0,3
2026-02-09,L00045,web,voluntariado,0,1
2026-02-09,L00046,referido,talleres,0,0
2026-02-09,L00047,facebook,talleres,1,0
2026-02-09,L00048,facebook,talleres,0,2
2026-02-09,L00049,facebook,talleres,1,1
2026-02-10,L00050,podium,general,0,2
2026-02-10,L00051,web,general,0,1
2026-02-10,L00052,facebook,general,0,1
2026-02-10,L00053,referido,talleres,1,1
2026-02-10,L00054,instagram,voluntariado,1,1
2026-02-10,L00055,instagram,voluntariado,1,0
2026-02-11,L00056,instagram,talleres,1,5
2026-02-11,L00057,web,donacion,0,1
2026-02-11,L00058,web,voluntariado,0,0
2026-02-11,L00059,podium,talleres,1,0
2026-02-11,L00060,web,talleres,0,2
2026-02-11,L00061,facebook,talleres,1,0
2026-02-12,L00062,instagram,voluntariado,0,0
2026-02-12,L00063,instagram,voluntariado,0,1
2026-02-12,L00064,referido,talleres,1,1
2026-02-12,L00065,referido,general,0,2
2026-02-12,L00066,instagram,general,0,3
2026-02-13,L00067,instagram,talleres,1,1
2026-02-13,L00068,web,general,0,0
2026-02-13,L00069,instagram,talleres,0,1
2026-02-13,L00070,facebook,voluntariado,0,0
2026-02-13,L00071,instagram,talleres,1,0
2026-02-13,L00072,instagram,voluntariado,1,1
2026-02-13,L00073,facebook,talleres,1,0
2026-02-13,L00074,web,talleres,0,1
2026-02-13,L00075,referido,donacion,1,0
2026-02-13,L00076,web,talleres,1,1
2026-02-13,L00077,web,talleres,0,1
2026-02-13,L00078,podium,voluntariado,0,5
2026-02-13,L00079,facebook,talleres,0,2
2026-02-13,L00080,facebook,voluntariado,1,5
2026-02-14,L00081,referido,voluntariado,0,3
2026-02-14,L00082,podium,talleres,0,5
2026-02-14,L00083,web,general,0,0
2026-02-14,L00084,facebook,voluntariado,0,1
2026-02-15,L00085,instagram,talleres,0,0
2026-02-15,L00086,podium,general,0,2
2026-02-15,L00087,instagram,general,0,0
2026-02-15,L00088,facebook,donacion,1,2
2026-02-16,L00089,web,talleres,0,1
2026-02-16,L00090,instagram,general,0,5
2026-02-16,L00091,facebook,voluntariado,1,1
2026-02-16,L00092,web,donacion,0,0
2026-02-16,L00093,web,voluntariado,0,0
2026-02-16,L00094,web,voluntariado,0,5
2026-02-16,L00095,web,donacion,1,1
2026-02-16,L00096,facebook,talleres,0,3
2026-02-17,L00097,referido,talleres,1,0
2026-02-17,L00098,instagram,talleres,0,1
2026-02-17,L00099,podium,voluntariado,1,0
2026-02-17,L00100,facebook,talleres,1,1
2026-02-17,L00101,web,general,0,3
2026-02-17,L00102,instagram,talleres,0,1
2026-02-17,L00103,facebook,general,0,1
2026-02-17,L00104,podium,donacion,0,1
2026-02-18,L00105,instagram,talleres,0,0
2026-02-18,L00106,instagram,talleres,1,1
2026-02-18,L00107,facebook,general,0,2
2026-02-18,L00108,facebook,talleres,0,0
2026-02-18,L00109,instagram,talleres,0,0
2026-02-18,L00110,podium,talleres,1,2
2026-02-19,L00111,web,talleres,0,0
2026-02-19,L00112,podium,talleres,1,1
2026-02-19,L00113,web,general,0,0
2026-02-19,L00114,web,talleres,1,0
2026-02-19,L00115,instagram,voluntariado,0,1
2026-02-19,L00116,referido,general,0,5
2026-02-19,L00117,instagram,voluntariado,1,0
2026-02-20,L00118,referido,donacion,1,1
2026-02-20,L00119,web,talleres,0,0
2026-02-20,L00120,instagram,talleres,0,0
2026-02-20,L00121,web,talleres,1,2
2026-02-20,L00122,web,talleres,1,1
2026-02-21,L00123,instagram,talleres,0,1
2026-02-21,L00124,web,talleres,1,0
2026-02-21,L00125,facebook,voluntariado,1,0
2026-02-22,L00126,instagram,donacion,0,0
2026-02-22,L00127,web,talleres,1,2
2026-02-22,L00128,referido,general,0,1
2026-02-22,L00129,facebook,talleres,0,0
2026-02-23,L00130,podium,talleres,1,0
2026-02-23,L00131,podium,talleres,0,0
2026-02-23,L00132,web,general,0,0
2026-02-23,L00133,web,talleres,1,1
2026-02-23,L00134,instagram,donacion,0,0
2026-02-23,L00135,facebook,talleres,0,1
2026-02-23,L00136,facebook,talleres,1,0
2026-02-24,L00137,podium,talleres,1,3
2026-02-24,L00138,podium,voluntariado,0,0
2026-02-24,L00139,instagram,talleres,0,0
2026-02-24,L00140,facebook,voluntariado,0,2
2026-02-24,L00141,web,general,0,1
2026-02-24,L00142,podium,talleres,0,0
2026-02-24,L00143,instagram,voluntariado,1,1
2026-02-24,L00144,referido,donacion,1,2
2026-02-25,L00145,web,voluntariado,1,2
2026-02-25,L00146,referido,talleres,1,1
2026-02-25,L00147,facebook,talleres,1,0
2026-02-25,L00148,web,talleres,0,1
2026-02-25,L00149,instagram,talleres,1,0
2026-02-25,L00150,instagram,talleres,0,0
2026-02-25,L00151,facebook,donacion,1,0
2026-02-26,L00152,instagram,donacion,0,0
2026-02-26,L00153,instagram,talleres,1,2
2026-02-26,L00154,facebook,talleres,0,0
2026-02-26,L00155,web,general,0,0
2026-02-26,L00156,referido,talleres,1,2
2026-02-27,L00157,referido,voluntariado,1,3
2026-02-27,L00158,instagram,talleres,0,2
2026-02-27,L00159,web,talleres,0,1
2026-02-27,L00160,web,talleres,0,0
2026-02-27,L00161,referido,general,1,5
2026-02-27,L00162,instagram,general,0,0
2026-02-28,L00163,web,voluntariado,0,2
2026-02-28,L00164,facebook,talleres,0,1
2026-02-28,L00165,referido,talleres,0,1
2026-02-28,L00166,referido,voluntariado,1,0
2026-03-01,L00167,facebook,talleres,0,1
2026-03-01,L00168,instagram,talleres,1,0
2026-03-01,L00169,instagram,talleres,0,1
2026-03-01,L00170,facebook,voluntariado,0,1
2026-03-02,L00171,web,general,1,0
2026-03-02,L00172,web,voluntariado,1,5
2026-03-02,L00173,instagram,talleres,0,0
2026-03-02,L00174,referido,general,0,0
2026-03-02,L00175,facebook,talleres,0,1
2026-03-02,L00176,facebook,talleres,0,0
2026-03-02,L00177,facebook,voluntariado,0,2
2026-03-03,L00178,instagram,talleres,1,3
2026-03-03,L00179,facebook,talleres,0,0
2026-03-03,L00180,web,voluntariado,1,0
2026-03-03,L00181,instagram,talleres,0,1
2026-03-03,L00182,referido,talleres,1,0
2026-03-03,L00183,web,talleres,1,0
2026-03-03,L00184,web,general,0,0
2026-03-03,L00185,web,talleres,0,1
2026-03-04,L00186,web,talleres,0,0
2026-03-04,L00187,podium,general,0,3
2026-03-04,L00188,instagram,talleres,0,5
2026-03-04,L00189,instagram,general,0,3
2026-03-04,L00190,referido,general,0,1
2026-03-04,L00191,referido,talleres,1,1
2026-03-04,L00192,web,talleres,0,0
2026-03-04,L00193,referido,talleres,0,1
2026-03-05,L00194,facebook,voluntariado,0,0
2026-03-05,L00195,facebook,voluntariado,0,0
2026-03-05,L00196,web,talleres,1,1
2026-03-05,L00197,web,talleres,0,1
2026-03-05,L00198,facebook,talleres,0,0
2026-03-05,L00199,web,talleres,0,0
2026-03-06,L00200,podium,donacion,0,1
2026-03-06,L00201,instagram,donacion,0,1
2026-03-06,L00202,web,talleres,1,5
2026-03-06,L00203,facebook,talleres,0,1
2026-03-06,L00204,facebook,donacion,0,1
2026-03-06,L00205,web,talleres,1,0
2026-03-06,L00206,instagram,donacion,0,0
2026-03-07,L00207,referido,talleres,0,1
2026-03-07,L00208,instagram,talleres,0,3
2026-03-07,L00209,instagram,talleres,0,0
2026-03-07,L00210,web,voluntariado,0,0
2026-03-07,L00211,web,talleres,1,0
2026-03-07,L00212,instagram,talleres,0,0
2026-03-07,L00213,podium,talleres,1,0
2026-03-07,L00214,web,donacion,0,2
2026-03-07,L00215,web,donacion,0,0
2026-03-07,L00216,facebook,talleres,0,0
2026-03-08,L00217,instagram,donacion,0,0
2026-03-08,L00218,podium,voluntariado,1,0
2026-03-08,L00219,facebook,voluntariado,0,0
2026-03-09,L00220,facebook,voluntariado,0,1
2026-03-09,L00221,facebook,general,0,1
2026-03-09,L00222,web,voluntariado,1,0
2026-03-09,L00223,facebook,voluntariado,0,0
2026-03-09,L00224,facebook,talleres,1,0
2026-03-09,L00225,instagram,talleres,1,0
2026-03-09,L00226,referido,voluntariado,0,2
2026-03-10,L00227,web,voluntariado,0,1
2026-03-10,L00228,podium,talleres,1,0
2026-03-10,L00229,facebook,talleres,0,3
2026-03-10,L00230,podium,general,0,0
2026-03-10,L00231,podium,general,1,0
2026-03-10,L00232,web,voluntariado,0,2
2026-03-10,L00233,facebook,talleres,1,0
2026-03-10,L00234,web,talleres,1,1
2026-03-10,L00235,instagram,general,0,0
2026-03-11,L00236,podium,talleres,1,0
2026-03-11,L00237,web,voluntariado,1,0
2026-03-11,L00238,podium,general,0,1
2026-03-11,L00239,instagram,talleres,1,0
2026-03-11,L00240,facebook,general,1,5
2026-03-11,L00241,podium,talleres,0,0
2026-03-11,L00242,instagram,talleres,0,0
2026-03-12,L00243,facebook,donacion,0,0
2026-03-12,L00244,facebook,talleres,0,1
2026-03-12,L00245,facebook,talleres,1,2
2026-03-12,L00246,instagram,general,0,2
2026-03-12,L00247,podium,donacion,1,2
2026-03-13,L00248,instagram,voluntariado,0,0
2026-03-13,L00249,podium,general,0,2
2026-03-13,L00250,instagram,talleres,0,0
2026-03-13,L00251,instagram,voluntariado,0,2
2026-03-13,L00252,podium,talleres,0,1
2026-03-13,L00253,facebook,talleres,0,5
2026-03-14,L00254,podium,talleres,0,1
2026-03-14,L00255,facebook,talleres,0,1
2026-03-14,L00256,instagram,talleres,0,1
2026-03-14,L00257,facebook,talleres,0,2
2026-03-15,L00258,instagram,voluntariado,0,0
2026-03-15,L00259,instagram,talleres,1,0
2026-03-15,L00260,facebook,talleres,0,1
2026-03-16,L00261,web,general,0,0
2026-03-16,L00262,facebook,talleres,1,2
2026-03-16,L00263,instagram,talleres,1,0
2026-03-16,L00264,web,donacion,0,5
2026-03-16,L00265,instagram,talleres,0,1
2026-03-16,L00266,instagram,talleres,1,0
2026-03-16,L00267,web,general,0,2
2026-03-16,L00268,web,voluntariado,0,0
2026-03-17,L00269,referido,voluntariado,1,2
2026-03-17,L00270,web,general,0,2
2026-03-17,L00271,facebook,general,0,0
2026-03-17,L00272,instagram,general,0,0
2026-03-17,L00273,web,talleres,0,2
2026-03-17,L00274,facebook,voluntariado,0,0
2026-03-17,L00275,podium,general,0,0
2026-03-18,L00276,instagram,talleres,1,2
2026-03-18,L00277,instagram,talleres,1,1
2026-03-18,L00278,web,talleres,1,5
2026-03-18,L00279,facebook,voluntariado,0,0
2026-03-18,L00280,facebook,talleres,0,0
2026-03-18,L00281,instagram,donacion,0,0
2026-03-18,L00282,podium,talleres,1,1
2026-03-18,L00283,instagram,talleres,0,1
2026-03-19,L00284,instagram,general,0,3
2026-03-19,L00285,instagram,voluntariado,0,5
2026-03-19,L00286,instagram,general,0,3
2026-03-19,L00287,instagram,talleres,0,3
2026-03-19,L00288,web,talleres,0,3
2026-03-19,L00289,instagram,talleres,1,5
2026-03-20,L00290,web,talleres,1,5
2026-03-20,L00291,instagram,general,0,0
2026-03-20,L00292,facebook,general,0,3
2026-03-20,L00293,web,general,0,1
2026-03-20,L00294,facebook,talleres,0,2
2026-03-20,L00295,instagram,voluntariado,0,0
2026-03-20,L00296,podium,voluntariado,0,1
2026-03-21,L00297,web,voluntariado,0,0
2026-03-21,L00298,referido,voluntariado,0,2
2026-03-21,L00299,instagram,donacion,0,3
2026-03-21,L00300,podium,talleres,0,0
2026-03-22,L00301,facebook,general,0,0
2026-03-22,L00302,podium,general,0,0
2026-03-22,L00303,web,talleres,1,5
2026-03-22,L00304,facebook,donacion,1,2
2026-03-23,L00305,facebook,talleres,0,1
2026-03-23,L00306,podium,donacion,1,0
2026-03-23,L00307,facebook,talleres,0,0
2026-03-23,L00308,web,talleres,1,0
2026-03-23,L00309,instagram,voluntariado,0,5
2026-03-23,L00310,web,talleres,0,2
2026-03-23,L00311,podium,general,0,0
2026-03-24,L00312,web,talleres,1,1
2026-03-24,L00313,web,talleres,1,2
2026-03-24,L00314,web,talleres,0,3
2026-03-24,L00315,web,talleres,1,2
2026-03-24,L00316,instagram,talleres,0,2
2026-03-24,L00317,podium,talleres,0,0
2026-03-24,L00318,web,donacion,1,0
2026-03-25,L00319,web,talleres,0,0
2026-03-25,L00320,web,voluntariado,1,1
2026-03-25,L00321,podium,voluntariado,1,1
2026-03-25,L00322,facebook,talleres,0,2
2026-03-25,L00323,instagram,talleres,0,0
2026-03-25,L00324,web,general,0,0
2026-03-25,L00325,instagram,talleres,0,0
2026-03-25,L00326,podium,general,1,0
2026-03-26,L00327,web,talleres,1,3
2026-03-26,L00328,facebook,talleres,0,1
2026-03-26,L00329,facebook,general,1,1
2026-03-26,L00330,web,talleres,0,1
2026-03-26,L00331,instagram,donacion,1,0
2026-03-26,L00332,instagram,general,0,0
2026-03-27,L00333,web,talleres,1,1
2026-03-27,L00334,referido,talleres,1,1
2026-03-27,L00335,web,talleres,1,0
2026-03-27,L00336,facebook,talleres,0,0
2026-03-27,L00337,podium,talleres,0,3
2026-03-28,L00338,referido,talleres,1,1
2026-03-28,L00339,podium,donacion,0,0
2026-03-28,L00340,web,talleres,0,1
2026-03-29,L00341,instagram,talleres,0,0
2026-03-29,L00342,podium,talleres,1,2
2026-03-29,L00343,referido,donacion,1,0
2026-03-29,L00344,facebook,general,0,1
2026-03-29,L00345,podium,voluntariado,0,5
2026-03-29,L00346,referido,voluntariado,0,0
2026-03-29,L00347,web,general,1,0
2026-03-29,L00348,referido,general,1,1
2026-03-29,L00349,podium,talleres,0,2
2026-03-29,L00350,instagram,talleres,0,0
2026-03-30,L00351,facebook,general,0,1
2026-03-30,L00352,web,talleres,0,2
2026-03-30,L00353,facebook,general,0,0
2026-03-30,L00354,web,voluntariado,0,5
2026-03-30,L00355,web,donacion,0,0
2026-03-30,L00356,instagram,talleres,1,2
2026-03-31,L00357,web,talleres,0,5
2026-03-31,L00358,podium,donacion,0,1
2026-03-31,L00359,web,talleres,0,0
2026-03-31,L00360,referido,voluntariado,0,0
2026-03-31,L00361,web,talleres,0,0
2026-03-31,L00362,web,talleres,0,0
2026-03-31,L00363,web,voluntariado,0,0
2026-04-01,L00364,referido,talleres,0,2
2026-04-01,L00365,podium,talleres,1,1
2026-04-01,L00366,web,general,0,0
2026-04-01,L00367,web,voluntariado,0,0
2026-04-01,L00368,web,talleres,1,0
2026-04-01,L00369,instagram,voluntariado,0,0
2026-04-01,L00370,web,talleres,1,0
2026-04-01,L00371,facebook,talleres,1,2
2026-04-01,L00372,instagram,talleres,0,5
2026-04-02,L00373,web,general,0,0
2026-04-02,L00374,instagram,general,0,5
2026-04-02,L00375,web,donacion,0,0
2026-04-02,L00376,instagram,talleres,1,0
2026-04-02,L00377,instagram,voluntariado,0,1
2026-04-02,L00378,instagram,talleres,1,0
2026-04-03,L00379,podium,general,1,0
2026-04-03,L00380,web,talleres,1,0
2026-04-03,L00381,instagram,talleres,0,0
2026-04-03,L00382,instagram,general,0,5
2026-04-03,L00383,web,voluntariado,0,0
2026-04-04,L00384,facebook,donacion,1,0
2026-04-04,L00385,podium,donacion,0,0
2026-04-04,L00386,web,talleres,0,1
2026-04-04,L00387,instagram,talleres,0,3
2026-04-05,L00388,facebook,talleres,1,0
2026-04-05,L00389,facebook,talleres,0,1
2026-04-05,L00390,facebook,voluntariado,0,2
2026-04-05,L00391,facebook,general,1,1
2026-04-06,L00392,podium,voluntariado,0,0
2026-04-06,L00393,instagram,talleres,1,2
2026-04-06,L00394,referido,talleres,1,0
2026-04-06,L00395,instagram,voluntariado,0,0
2026-04-06,L00396,facebook,general,1,0
2026-04-06,L00397,facebook,talleres,1,0
2026-04-06,L00398,facebook,general,0,0
2026-04-07,L00399,facebook,talleres,0,3
2026-04-07,L00400,facebook,talleres,0,1
2026-04-07,L00401,podium,talleres,1,0
2026-04-07,L00402,facebook,voluntariado,0,3
2026-04-07,L00403,podium,talleres,0,0
2026-04-07,L00404,facebook,talleres,0,0
2026-04-07,L00405,facebook,talleres,1,1
2026-04-07,L00406,web,voluntariado,0,1
2026-04-08,L00407,web,voluntariado,0,0
2026-04-08,L00408,instagram,talleres,0,1
2026-04-08,L00409,facebook,talleres,1,1
2026-04-08,L00410,instagram,talleres,0,0
2026-04-08,L00411,instagram,general,0,0
2026-04-08,L00412,facebook,general,0,2
2026-04-08,L00413,referido,talleres,0,0
2026-04-09,L00414,facebook,talleres,0,2
2026-04-09,L00415,podium,talleres,1,0
2026-04-09,L00416,facebook,talleres,0,2
2026-04-09,L00417,web,talleres,1,0
2026-04-09,L00418,facebook,talleres,0,0
2026-04-09,L00419,web,talleres,0,2
2026-04-10,L00420,web,talleres,0,5
2026-04-10,L00421,facebook,talleres,0,0
2026-04-10,L00422,instagram,voluntariado,1,0
2026-04-10,L00423,web,talleres,0,0
2026-04-10,L00424,facebook,voluntariado,0,0
2026-04-10,L00425,podium,talleres,1,2
2026-04-10,L00426,web,voluntariado,0,1
2026-04-11,L00427,web,general,1,2
2026-04-11,L00428,instagram,talleres,1,1
2026-04-11,L00429,web,talleres,1,1
2026-04-11,L00430,web,talleres,0,0
2026-04-12,L00431,facebook,general,0,3
2026-04-12,L00432,web,talleres,0,0
2026-04-12,L00433,facebook,general,0,0
2026-04-12,L00434,podium,talleres,1,1
2026-04-13,L00435,instagram,general,1,1
2026-04-13,L00436,instagram,talleres,0,1
2026-04-13,L00437,referido,talleres,0,0
2026-04-13,L00438,podium,talleres,1,1
2026-04-13,L00439,instagram,general,0,1
2026-04-13,L00440,podium,voluntariado,0,2
2026-04-13,L00441,referido,talleres,0,0
2026-04-14,L00442,instagram,general,0,1
2026-04-14,L00443,referido,general,1,0
2026-04-14,L00444,web,talleres,0,2
2026-04-14,L00445,web,voluntariado,1,0
2026-04-14,L00446,instagram,talleres,0,2
2026-04-14,L00447,podium,voluntariado,0,3
2026-04-14,L00448,podium,voluntariado,0,2
2026-04-15,L00449,web,voluntariado,1,0
2026-04-15,L00450,web,talleres,0,0
2026-04-15,L00451,facebook,voluntariado,0,0
2026-04-15,L00452,referido,talleres,1,3
2026-04-15,L00453,web,talleres,1,1
2026-04-15,L00454,web,voluntariado,0,1
2026-04-15,L00455,instagram,talleres,0,0
2026-04-15,L00456,facebook,general,0,0
2026-04-16,L00457,facebook,donacion,1,1
2026-04-16,L00458,referido,donacion,1,1
2026-04-16,L00459,facebook,talleres,0,0
2026-04-16,L00460,facebook,donacion,1,1
2026-04-16,L00461,instagram,voluntariado,1,0
2026-04-16,L00462,web,talleres,0,3
2026-04-16,L00463,referido,talleres,1,0
2026-04-17,L00464,facebook,voluntariado,0,1
2026-04-17,L00465,facebook,voluntariado,0,0
2026-04-17,L00466,podium,donacion,1,0
2026-04-17,L00467,web,general,0,1
2026-04-17,L00468,web,general,0,1
2026-04-17,L00469,facebook,talleres,0,0
2026-04-18,L00470,podium,talleres,1,0
2026-04-18,L00471,instagram,talleres,0,3
2026-04-18,L00472,facebook,talleres,1,1
2026-04-18,L00473,referido,talleres,1,0
2026-04-19,L00474,web,general,0,0
2026-04-19,L00475,podium,voluntariado,1,5
2026-04-19,L00476,podium,talleres,1,0
2026-04-20,L00477,instagram,general,0,0
2026-04-20,L00478,facebook,talleres,0,0
2026-04-20,L00479,instagram,general,0,0
2026-04-20,L00480,instagram,voluntariado,0,0
2026-04-20,L00481,facebook,talleres,1,0
2026-04-20,L00482,referido,talleres,1,3
2026-04-20,L00483,instagram,voluntariado,0,1
2026-04-20,L00484,instagram,talleres,1,1
2026-04-20,L00485,facebook,talleres,1,3
2026-04-20,L00486,web,talleres,0,0
2026-04-20,L00487,facebook,voluntariado,0,0
2026-04-20,L00488,web,general,1,0
2026-04-20,L00489,web,talleres,1,0
2026-04-20,L00490,instagram,talleres,1,1
2026-04-20,L00491,facebook,talleres,0,5
2026-04-20,L00492,facebook,talleres,0,0
2026-04-20,L00493,web,general,0,3
2026-04-20,L00494,web,voluntariado,0,5
2026-04-20,L00495,web,talleres,0,3
2026-04-20,L00496,web,donacion,0,0
2026-04-21,L00497,web,talleres,1,1
2026-04-21,L00498,facebook,talleres,0,2
2026-04-21,L00499,instagram,talleres,1,5
2026-04-21,L00500,web,talleres,1,2
2026-04-21,L00501,facebook,general,0,3
2026-04-21,L00502,podium,talleres,1,0
2026-04-21,L00503,facebook,talleres,0,0
2026-04-22,L00504,web,donacion,1,1
2026-04-22,L00505,facebook,general,0,2
2026-04-22,L00506,referido,general,1,1
2026-04-22,L00507,podium,talleres,0,3
2026-04-22,L00508,web,talleres,0,0
2026-04-22,L00509,facebook,general,0,0
2026-04-22,L00510,podium,general,0,0
2026-04-23,L00511,web,talleres,0,0
2026-04-23,L00512,podium,donacion,0,0
2026-04-23,L00513,podium,talleres,0,2
2026-04-23,L00514,instagram,talleres,0,1
2026-04-23,L00515,referido,voluntariado,1,3
2026-04-23,L00516,instagram,talleres,0,0
2026-04-23,L00517,referido,talleres,1,2
2026-04-24,L00518,instagram,talleres,1,0
2026-04-24,L00519,podium,talleres,1,5
2026-04-24,L00520,instagram,talleres,1,0
2026-04-24,L00521,podium,general,0,0
2026-04-24,L00522,web,general,0,1
2026-04-24,L00523,web,general,1,0
2026-04-25,L00524,instagram,talleres,0,0
2026-04-25,L00525,web,general,0,2
2026-04-25,L00526,facebook,general,0,0
2026-04-25,L00527,facebook,general,0,2
2026-04-26,L00528,web,talleres,0,0
2026-04-26,L00529,web,talleres,1,0
2026-04-26,L00530,instagram,general,0,3
2026-04-26,L00531,instagram,talleres,0,2
2026-04-27,L00532,instagram,general,0,1
2026-04-27,L00533,instagram,talleres,0,1
2026-04-27,L00534,instagram,talleres,1,0
2026-04-27,L00535,facebook,general,0,0
2026-04-27,L00536,facebook,donacion,1,2
2026-04-27,L00537,web,donacion,0,0
2026-04-27,L00538,instagram,voluntariado,0,0
2026-04-27,L00539,web,general,0,1
2026-04-28,L00540,facebook,donacion,0,1
2026-04-28,L00541,facebook,talleres,1,0
2026-04-28,L00542,facebook,talleres,0,0
2026-04-28,L00543,web,talleres,1,0
2026-04-28,L00544,web,voluntariado,0,0
2026-04-28,L00545,web,talleres,0,1
2026-04-28,L00546,facebook,talleres,0,0
2026-04-28,L00547,referido,talleres,1,3
2026-04-28,L00548,facebook,voluntariado,0,0
2026-04-29,L00549,instagram,general,0,0
2026-04-29,L00550,instagram,general,1,3
2026-04-29,L00551,instagram,voluntariado,0,0
2026-04-29,L00552,web,talleres,0,0
2026-04-29,L00553,referido,talleres,0,0
2026-04-29,L00554,web,talleres,1,5
2026-04-29,L00555,facebook,talleres,0,3
2026-04-29,L00556,referido,talleres,1,0
2026-04-29,L00557,facebook,talleres,0,1
2026-04-30,L00558,referido,talleres,1,0
2026-04-30,L00559,web,general,0,0
2026-04-30,L00560,facebook,donacion,0,1
2026-04-30,L00561,web,talleres,0,3
2026-04-30,L00562,facebook,donacion,0,0
2026-04-30,L00563,web,talleres,1,1
2026-04-30,L00564,facebook,donacion,0,0
2026-05-01,L00565,instagram,talleres,0,2
2026-05-01,L00566,web,talleres,0,0
2026-05-01,L00567,facebook,general,0,1
2026-05-01,L00568,web,talleres,1,1
2026-05-01,L00569,podium,talleres,1,0
2026-05-01,L00570,web,voluntariado,0,1
2026-05-01,L00571,instagram,talleres,0,1
2026-05-02,L00572,instagram,talleres,1,2
2026-05-02,L00573,facebook,general,0,3
2026-05-02,L00574,instagram,talleres,0,1
2026-05-02,L00575,instagram,talleres,0,2
2026-05-02,L00576,web,talleres,1,3
2026-05-03,L00577,instagram,talleres,0,0
2026-05-03,L00578,instagram,talleres,0,0
2026-05-03,L00579,podium,voluntariado,1,0
2026-05-04,L00580,instagram,talleres,1,1
2026-05-04,L00581,web,talleres,1,3
2026-05-04,L00582,instagram,voluntariado,0,3
2026-05-04,L00583,facebook,donacion,0,1
2026-05-04,L00584,instagram,general,1,0
2026-05-04,L00585,instagram,talleres,1,0
2026-05-04,L00586,podium,talleres,0,3
2026-05-04,L00587,web,general,1,2
2026-05-05,L00588,referido,general,1,1
2026-05-05,L00589,podium,general,0,0
2026-05-05,L00590,referido,talleres,1,0
2026-05-05,L00591,facebook,general,0,0
2026-05-05,L00592,web,talleres,0,0
2026-05-05,L00593,facebook,voluntariado,0,5
2026-05-05,L00594,podium,donacion,0,0
2026-05-05,L00595,referido,voluntariado,0,1
2026-05-06,L00596,facebook,general,0,0
2026-05-06,L00597,web,voluntariado,1,0
2026-05-06,L00598,instagram,talleres,0,1
2026-05-06,L00599,web,donacion,0,2
2026-05-06,L00600,instagram,donacion,0,3
2026-05-06,L00601,web,talleres,1,5
2026-05-06,L00602,facebook,talleres,1,0
2026-05-06,L00603,facebook,general,0,0
2026-05-07,L00604,web,talleres,1,0
2026-05-07,L00605,podium,talleres,0,1
2026-05-07,L00606,podium,talleres,0,0
2026-05-07,L00607,instagram,talleres,1,3
2026-05-07,L00608,web,talleres,1,0
2026-05-07,L00609,web,talleres,0,0
2026-05-08,L00610,web,general,0,2
2026-05-08,L00611,referido,donacion,0,0
2026-05-08,L00612,facebook,voluntariado,0,0
2026-05-08,L00613,web,talleres,1,5
2026-05-08,L00614,web,voluntariado,0,0
2026-05-09,L00615,web,general,0,1
2026-05-09,L00616,web,talleres,0,0
2026-05-09,L00617,podium,voluntariado,0,1
2026-05-09,L00618,podium,talleres,1,2
2026-05-10,L00619,referido,talleres,1,1
2026-05-10,L00620,web,donacion,0,0
2026-05-10,L00621,facebook,general,1,0
2026-05-10,L00622,web,talleres,0,1
2026-05-11,L00623,facebook,talleres,1,0
2026-05-11,L00624,facebook,voluntariado,0,0
2026-05-11,L00625,web,talleres,0,0
2026-05-11,L00626,instagram,general,1,0
2026-05-11,L00627,facebook,talleres,0,0
2026-05-11,L00628,instagram,talleres,1,1
2026-05-11,L00629,instagram,talleres,0,1
2026-05-12,L00630,podium,talleres,1,2
2026-05-12,L00631,facebook,voluntariado,0,1
2026-05-12,L00632,instagram,talleres,0,2
2026-05-12,L00633,podium,talleres,0,1
2026-05-12,L00634,web,general,1,0
2026-05-12,L00635,instagram,general,0,5
2026-05-12,L00636,podium,talleres,0,0
2026-05-12,L00637,facebook,talleres,1,3
2026-05-12,L00638,instagram,general,0,2
2026-05-12,L00639,facebook,donacion,0,1
2026-05-12,L00640,podium,talleres,0,1
2026-05-12,L00641,web,voluntariado,0,0
2026-05-12,L00642,web,voluntariado,0,2
2026-05-12,L00643,facebook,talleres,1,1
2026-05-12,L00644,web,talleres,1,0
2026-05-12,L00645,web,general,0,0
2026-05-12,L00646,podium,voluntariado,0,1
2026-05-12,L00647,podium,general,0,0
2026-05-12,L00648,facebook,voluntariado,0,0
2026-05-12,L00649,web,talleres,1,2
2026-05-12,L00650,web,talleres,0,2
2026-05-12,L00651,instagram,general,0,1
2026-05-12,L00652,instagram,general,1,1
2026-05-13,L00653,web,talleres,0,1
2026-05-13,L00654,web,general,0,0
2026-05-13,L00655,podium,general,0,0
2026-05-13,L00656,instagram,talleres,0,0
2026-05-13,L00657,podium,talleres,0,0
2026-05-13,L00658,web,voluntariado,0,0
2026-05-13,L00659,web,voluntariado,0,0
2026-05-14,L00660,web,talleres,0,0
2026-05-14,L00661,facebook,talleres,0,1
2026-05-14,L00662,facebook,talleres,1,0
2026-05-14,L00663,instagram,donacion,1,5
2026-05-14,L00664,web,general,0,0
2026-05-14,L00665,facebook,talleres,0,0
2026-05-15,L00666,web,donacion,0,2
2026-05-15,L00667,podium,talleres,1,3
2026-05-15,L00668,web,talleres,1,2
2026-05-15,L00669,podium,general,0,3
2026-05-15,L00670,web,talleres,0,0
2026-05-15,L00671,web,talleres,1,5
2026-05-15,L00672,web,voluntariado,1,0
2026-05-15,L00673,web,voluntariado,1,0
2026-05-16,L00674,web,talleres,1,0
2026-05-16,L00675,referido,talleres,0,1
2026-05-16,L00676,referido,talleres,1,1
2026-05-16,L00677,facebook,voluntariado,0,1
2026-05-17,L00678,facebook,talleres,1,3
2026-05-17,L00679,web,talleres,0,5
2026-05-17,L00680,web,general,0,0
2026-05-17,L00681,facebook,donacion,0,0
2026-05-18,L00682,web,general,0,0
2026-05-18,L00683,web,talleres,0,0
2026-05-18,L00684,facebook,talleres,0,3
2026-05-18,L00685,web,general,0,0
2026-05-18,L00686,web,talleres,0,0
2026-05-18,L00687,instagram,talleres,1,0
2026-05-18,L00688,instagram,talleres,1,0
2026-05-18,L00689,podium,voluntariado,0,0
2026-05-19,L00690,instagram,voluntariado,1,2
2026-05-19,L00691,podium,talleres,1,0
2026-05-19,L00692,web,talleres,0,0
2026-05-19,L00693,referido,donacion,1,0
2026-05-19,L00694,facebook,talleres,0,2
2026-05-19,L00695,facebook,talleres,1,0
2026-05-19,L00696,web,talleres,1,0
2026-05-19,L00697,web,voluntariado,0,1
2026-05-19,L00698,instagram,talleres,0,0
2026-05-20,L00699,facebook,talleres,1,1
2026-05-20,L00700,podium,talleres,1,1
2026-05-20,L00701,podium,talleres,1,1
2026-05-20,L00702,instagram,talleres,0,3
2026-05-20,L00703,web,general,0,3
2026-05-20,L00704,instagram,donacion,0,1
2026-05-20,L00705,web,talleres,1,1
2026-05-21,L00706,podium,talleres,0,1
2026-05-21,L00707,web,voluntariado,0,0
2026-05-21,L00708,instagram,general,0,0
2026-05-21,L00709,instagram,general,0,1
2026-05-21,L00710,facebook,voluntariado,0,0
2026-05-21,L00711,podium,voluntariado,1,0
2026-05-21,L00712,facebook,voluntariado,0,5
2026-05-21,L00713,web,talleres,0,0
2026-05-22,L00714,web,talleres,1,0
2026-05-22,L00715,web,talleres,1,2
2026-05-22,L00716,web,general,0,2
2026-05-22,L00717,instagram,voluntariado,0,1
2026-05-22,L00718,instagram,talleres,0,2
2026-05-22,L00719,facebook,general,1,0
2026-05-22,L00720,web,voluntariado,0,1
2026-05-23,L00721,web,talleres,0,0
2026-05-23,L00722,facebook,general,0,1
2026-05-23,L00723,instagram,general,0,1
2026-05-23,L00724,instagram,general,0,2
2026-05-24,L00725,web,general,0,0
2026-05-24,L00726,podium,talleres,1,2
2026-05-24,L00727,instagram,voluntariado,1,0
2026-05-24,L00728,web,talleres,0,1
2026-05-25,L00729,facebook,talleres,0,0
2026-05-25,L00730,facebook,donacion,1,3
2026-05-25,L00731,instagram,talleres,0,2
2026-05-25,L00732,web,talleres,0,3
2026-05-25,L00733,web,talleres,0,2
2026-05-25,L00734,web,general,0,0
2026-05-25,L00735,instagram,general,1,1
2026-05-26,L00736,facebook,donacion,0,3
2026-05-26,L00737,referido,talleres,1,3
2026-05-26,L00738,referido,talleres,1,2
2026-05-26,L00739,facebook,talleres,0,0
2026-05-26,L00740,web,donacion,0,0
2026-05-26,L00741,web,talleres,1,0
2026-05-26,L00742,instagram,talleres,1,1
2026-05-26,L00743,web,talleres,1,1
2026-05-27,L00744,web,talleres,1,0
2026-05-27,L00745,facebook,voluntariado,1,2
2026-05-27,L00746,web,talleres,0,1
2026-05-27,L00747,podium,voluntariado,0,2
2026-05-27,L00748,instagram,talleres,0,0
2026-05-27,L00749,podium,talleres,0,1
2026-05-27,L00750,facebook,voluntariado,0,1
2026-05-28,L00751,referido,talleres,1,2
2026-05-28,L00752,web,talleres,0,1
2026-05-28,L00753,instagram,voluntariado,0,0
2026-05-28,L00754,web,talleres,1,1
2026-05-28,L00755,instagram,talleres,1,1
2026-05-28,L00756,referido,donacion,1,0
2026-05-28,L00757,web,talleres,1,0
2026-05-28,L00758,instagram,talleres,0,2
2026-05-29,L00759,podium,talleres,1,1
2026-05-29,L00760,facebook,talleres,0,3
2026-05-29,L00761,web,general,0,3
2026-05-29,L00762,facebook,donacion,0,0
2026-05-29,L00763,instagram,donacion,0,5
2026-05-29,L00764,web,general,0,1
2026-05-29,L00765,instagram,talleres,0,1
2026-05-30,L00766,facebook,talleres,1,0
2026-05-30,L00767,instagram,general,0,0
2026-05-30,L00768,web,talleres,0,2
2026-05-30,L00769,podium,talleres,0,1
2026-05-31,L00770,instagram,general,0,1
2026-05-31,L00771,facebook,talleres,0,0
2026-05-31,L00772,instagram,talleres,0,0
2026-05-31,L00773,web,voluntariado,0,1
2026-06-01,L00774,referido,talleres,0,0
2026-06-01,L00775,podium,talleres,0,0
2026-06-01,L00776,podium,talleres,1,3
2026-06-01,L00777,web,donacion,0,5
2026-06-01,L00778,podium,talleres,1,0
2026-06-01,L00779,facebook,talleres,1,1
2026-06-01,L00780,instagram,talleres,0,0
2026-06-01,L00781,instagram,general,1,0
2026-06-01,L00782,facebook,talleres,0,1
2026-06-02,L00783,web,general,0,0
2026-06-02,L00784,web,general,0,2
2026-06-02,L00785,instagram,talleres,0,0
2026-06-02,L00786,facebook,donacion,0,2
2026-06-02,L00787,web,donacion,1,1
2026-06-02,L00788,instagram,talleres,0,0
2026-06-02,L00789,web,talleres,1,0
2026-06-02,L00790,web,talleres,0,5
2026-06-03,L00791,podium,talleres,0,0
2026-06-03,L00792,instagram,talleres,0,2
2026-06-03,L00793,podium,donacion,0,2
2026-06-03,L00794,instagram,talleres,0,0
2026-06-03,L00795,podium,talleres,1,0
2026-06-03,L00796,instagram,talleres,1,0
2026-06-03,L00797,referido,talleres,0,1
2026-06-03,L00798,instagram,talleres,0,0
2026-06-03,L00799,instagram,donacion,0,2
2026-06-03,L00800,facebook,general,0,1
2026-06-03,L00801,referido,talleres,0,0
2026-06-03,L00802,referido,general,0,0
2026-06-03,L00803,referido,talleres,0,0
2026-06-03,L00804,facebook,talleres,0,0
2026-06-03,L00805,instagram,talleres,0,0
2026-06-03,L00806,podium,donacion,1,0
2026-06-03,L00807,web,talleres,0,2
2026-06-03,L00808,facebook,donacion,0,0
2026-06-03,L00809,instagram,talleres,1,1
2026-06-03,L00810,web,voluntariado,1,2
2026-06-04,L00811,facebook,general,0,0
2026-06-04,L00812,instagram,general,1,0
2026-06-04,L00813,instagram,talleres,0,0
2026-06-04,L00814,facebook,donacion,0,0
2026-06-04,L00815,podium,talleres,0,0
2026-06-04,L00816,web,general,0,3
2026-06-05,L00817,web,talleres,0,0
2026-06-05,L00818,web,general,0,2
2026-06-05,L00819,podium,voluntariado,1,2
2026-06-05,L00820,facebook,voluntariado,0,0
2026-06-05,L00821,podium,talleres,1,5
2026-06-05,L00822,facebook,voluntariado,0,0
2026-06-06,L00823,instagram,talleres,0,0
2026-06-06,L00824,facebook,talleres,1,1
2026-06-06,L00825,instagram,talleres,1,1
2026-06-06,L00826,web,talleres,1,5
2026-06-06,L00827,facebook,talleres,1,3
2026-06-07,L00828,referido,general,1,2
2026-06-07,L00829,web,talleres,0,0
2026-06-07,L00830,facebook,talleres,0,3
2026-06-07,L00831,facebook,talleres,0,3
2026-06-08,L00832,instagram,general,0,3
2026-06-08,L00833,instagram,voluntariado,0,1
2026-06-08,L00834,instagram,general,0,2
2026-06-08,L00835,facebook,talleres,0,0
2026-06-08,L00836,podium,talleres,1,0
2026-06-08,L00837,instagram,general,0,0
2026-06-08,L00838,facebook,talleres,1,0
2026-06-08,L00839,web,talleres,0,1
2026-06-09,L00840,instagram,talleres,0,1
2026-06-09,L00841,web,talleres,1,2
2026-06-09,L00842,facebook,voluntariado,1,1
2026-06-09,L00843,referido,talleres,1,0
2026-06-09,L00844,facebook,talleres,0,0
2026-06-09,L00845,web,talleres,1,0
2026-06-09,L00846,web,voluntariado,0,2
2026-06-09,L00847,podium,talleres,0,0
2026-06-10,L00848,instagram,talleres,0,0
2026-06-10,L00849,web,general,0,3
2026-06-10,L00850,facebook,general,0,1
2026-06-10,L00851,facebook,donacion,0,2
2026-06-10,L00852,podium,voluntariado,0,0
2026-06-10,L00853,facebook,general,0,2
2026-06-10,L00854,instagram,donacion,0,2
2026-06-10,L00855,web,talleres,1,0
2026-06-11,L00856,referido,talleres,1,3
2026-06-11,L00857,podium,talleres,1,0
2026-06-11,L00858,instagram,voluntariado,0,0
2026-06-11,L00859,referido,talleres,0,0
2026-06-11,L00860,podium,donacion,0,2
2026-06-11,L00861,referido,general,0,1
2026-06-11,L00862,podium,talleres,0,0
2026-06-11,L00863,web,general,0,5
2026-06-12,L00864,instagram,voluntariado,0,2
2026-06-12,L00865,instagram,talleres,1,0
2026-06-12,L00866,facebook,talleres,0,0
2026-06-12,L00867,podium,general,1,1
2026-06-12,L00868,podium,donacion,0,0
2026-06-12,L00869,instagram,voluntariado,1,1
2026-06-12,L00870,facebook,talleres,0,1
2026-06-12,L00871,instagram,talleres,0,0
2026-06-13,L00872,web,talleres,0,0
2026-06-13,L00873,facebook,voluntariado,0,0
2026-06-13,L00874,facebook,general,0,0
2026-06-13,L00875,facebook,talleres,0,2
2026-06-13,L00876,web,donacion,0,3
2026-06-14,L00877,referido,talleres,1,1
2026-06-14,L00878,referido,talleres,0,0
2026-06-14,L00879,web,talleres,1,2
2026-06-14,L00880,web,general,0,3
2026-06-14,L00881,instagram,talleres,1,0
2026-06-15,L00882,web,donacion,0,0
2026-06-15,L00883,instagram,general,0,1
2026-06-15,L00884,facebook,general,0,0
2026-06-15,L00885,web,voluntariado,0,2
2026-06-15,L00886,web,talleres,0,0
2026-06-15,L00887,web,voluntariado,0,0
2026-06-15,L00888,web,voluntariado,1,0
2026-06-15,L00889,web,talleres,0,1
2026-06-15,L00890,facebook,voluntariado,0,1
2026-06-16,L00891,podium,talleres,1,3
2026-06-16,L00892,podium,voluntariado,0,0
2026-06-16,L00893,facebook,voluntariado,0,2
2026-06-16,L00894,facebook,donacion,0,1
2026-06-16,L00895,podium,talleres,0,0
2026-06-16,L00896,instagram,talleres,1,0
2026-06-16,L00897,instagram,talleres,0,0
2026-06-16,L00898,web,voluntariado,0,1
2026-06-17,L00899,instagram,general,0,0
2026-06-17,L00900,web,general,0,2
2026-06-17,L00901,web,voluntariado,0,0
2026-06-17,L00902,instagram,donacion,1,1
2026-06-17,L00903,instagram,general,0,2
2026-06-17,L00904,podium,talleres,0,0
2026-06-17,L00905,facebook,talleres,0,1
2026-06-18,L00906,facebook,voluntariado,0,0
2026-06-18,L00907,web,general,0,2
2026-06-18,L00908,podium,talleres,1,1
2026-06-18,L00909,podium,talleres,0,0
2026-06-18,L00910,facebook,talleres,0,0
2026-06-18,L00911,facebook,talleres,0,0
2026-06-18,L00912,web,talleres,0,3
2026-06-19,L00913,instagram,talleres,1,1
2026-06-19,L00914,referido,donacion,0,3
2026-06-19,L00915,instagram,voluntariado,0,0
2026-06-19,L00916,instagram,general,1,2
2026-06-19,L00917,referido,talleres,1,1
2026-06-19,L00918,web,talleres,0,0
2026-06-20,L00919,instagram,donacion,0,0
2026-06-20,L00920,instagram,talleres,1,1
2026-06-20,L00921,instagram,talleres,0,0
2026-06-20,L00922,instagram,talleres,0,2
2026-06-20,L00923,instagram,voluntariado,0,0
2026-06-21,L00924,podium,voluntariado,0,0
2026-06-21,L00925,facebook,donacion,0,0
2026-06-21,L00926,web,voluntariado,0,1
2026-06-21,L00927,podium,general,0,2
2026-06-22,L00928,facebook,talleres,0,0
2026-06-22,L00929,instagram,talleres,0,0
2026-06-22,L00930,web,donacion,0,2
2026-06-22,L00931,web,donacion,0,1
2026-06-22,L00932,referido,talleres,1,1
2026-06-22,L00933,instagram,donacion,0,0
2026-06-22,L00934,facebook,talleres,0,1
2026-06-22,L00935,referido,talleres,0,0
2026-06-22,L00936,podium,talleres,0,2
2026-06-23,L00937,instagram,talleres,0,3
2026-06-23,L00938,facebook,talleres,0,0
2026-06-23,L00939,instagram,talleres,0,0
2026-06-23,L00940,web,donacion,0,1
2026-06-23,L00941,instagram,talleres,0,0
2026-06-23,L00942,referido,talleres,0,1
2026-06-23,L00943,facebook,talleres,0,1
2026-06-23,L00944,web,donacion,1,2
2026-06-24,L00945,facebook,talleres,0,1
2026-06-24,L00946,facebook,talleres,0,2
2026-06-24,L00947,podium,general,0,1
2026-06-24,L00948,podium,donacion,0,0
2026-06-24,L00949,facebook,talleres,0,0
2026-06-24,L00950,podium,talleres,0,0
2026-06-24,L00951,web,talleres,0,0
2026-06-24,L00952,instagram,voluntariado,0,0
2026-06-25,L00953,referido,donacion,0,1
2026-06-25,L00954,web,talleres,1,0
2026-06-25,L00955,web,general,1,1
2026-06-25,L00956,facebook,donacion,0,0
2026-06-25,L00957,referido,talleres,0,0
2026-06-25,L00958,podium,talleres,1,0
2026-06-25,L00959,facebook,talleres,1,3
2026-06-25,L00960,web,talleres,0,1
2026-06-25,L00961,referido,talleres,1,1
2026-06-25,L00962,web,voluntariado,0,0
2026-06-25,L00963,web,voluntariado,0,1
2026-06-25,L00964,web,talleres,1,0
2026-06-25,L00965,instagram,general,1,0
2026-06-25,L00966,web,general,0,0
2026-06-25,L00967,facebook,general,0,1
2026-06-25,L00968,instagram,talleres,0,0
2026-06-25,L00969,facebook,general,1,0
2026-06-26,L00970,facebook,general,0,0
2026-06-26,L00971,instagram,donacion,0,1
2026-06-26,L00972,web,talleres,0,0
2026-06-26,L00973,instagram,general,0,0
2026-06-26,L00974,podium,general,1,0
2026-06-26,L00975,instagram,talleres,1,1
2026-06-27,L00976,facebook,talleres,1,0
2026-06-27,L00977,web,talleres,0,1
2026-06-27,L00978,web,general,0,5
2026-06-27,L00979,web,voluntariado,0,1
2026-06-27,L00980,facebook,talleres,0,5
2026-06-28,L00981,podium,talleres,1,0
2026-06-28,L00982,facebook,talleres,0,5
2026-06-28,L00983,web,talleres,1,2
2026-06-28,L00984,web,talleres,0,0
2026-06-29,L00985,facebook,talleres,0,3
2026-06-29,L00986,web,talleres,0,0
2026-06-29,L00987,referido,talleres,0,0
2026-06-29,L00988,web,donacion,1,0
2026-06-29,L00989,instagram,voluntariado,0,0
2026-06-29,L00990,web,talleres,1,5
2026-06-29,L00991,referido,general,0,0
2026-06-30,L00992,podium,talleres,0,0
2026-06-30,L00993,referido,talleres,1,0
2026-06-30,L00994,web,talleres,1,0
2026-06-30,L00995,facebook,talleres,0,1
2026-06-30,L00996,instagram,talleres,0,0
2026-06-30,L00997,instagram,talleres,1,1
2026-06-30,L00998,facebook,talleres,0,5
2026-06-30,L00999,podium,talleres,1,2
2026-07-01,L01000,podium,voluntariado,0,2
2026-07-01,L01001,web,voluntariado,0,5
2026-07-01,L01002,podium,talleres,0,0
2026-07-01,L01003,referido,talleres,0,3
2026-07-01,L01004,instagram,talleres,1,0
2026-07-01,L01005,facebook,talleres,0,1
2026-07-01,L01006,instagram,talleres,1,0
2026-07-01,L01007,facebook,general,1,1
2026-07-02,L01008,facebook,talleres,1,0
2026-07-02,L01009,instagram,donacion,0,0
2026-07-02,L01010,web,talleres,1,2
2026-07-02,L01011,instagram,talleres,0,5
2026-07-02,L01012,web,talleres,1,1
2026-07-02,L01013,referido,voluntariado,1,0
2026-07-02,L01014,instagram,voluntariado,0,0
2026-07-02,L01015,instagram,general,0,0
2026-07-02,L01016,podium,donacion,0,1
2026-07-03,L01017,facebook,donacion,0,0
2026-07-03,L01018,web,talleres,0,0
2026-07-03,L01019,instagram,talleres,0,0
2026-07-03,L01020,podium,voluntariado,1,1
2026-07-03,L01021,referido,talleres,1,1
2026-07-03,L01022,web,talleres,0,2
2026-07-03,L01023,web,general,0,0
2026-07-04,L01024,web,general,0,3
2026-07-04,L01025,facebook,general,0,0
2026-07-04,L01026,instagram,talleres,1,1
2026-07-04,L01027,podium,general,0,0
2026-07-04,L01028,web,talleres,0,3
2026-07-05,L01029,instagram,talleres,0,0
2026-07-05,L01030,instagram,talleres,0,5
2026-07-05,L01031,web,donacion,0,1
2026-07-05,L01032,facebook,talleres,0,0
2026-07-06,L01033,facebook,general,0,1
2026-07-06,L01034,web,talleres,0,1
2026-07-06,L01035,facebook,voluntariado,0,2
2026-07-06,L01036,instagram,talleres,0,0
2026-07-06,L01037,instagram,general,0,1
2026-07-06,L01038,instagram,donacion,0,1
2026-07-06,L01039,facebook,general,0,1
2026-07-06,L01040,instagram,talleres,1,0
2026-07-06,L01041,facebook,talleres,0,0
2026-07-07,L01042,web,general,0,0
2026-07-07,L01043,instagram,general,0,5
2026-07-07,L01044,web,general,0,2
2026-07-07,L01045,web,voluntariado,1,0
2026-07-07,L01046,referido,general,1,0
2026-07-07,L01047,instagram,voluntariado,0,5
2026-07-07,L01048,web,talleres,1,0
2026-07-07,L01049,instagram,donacion,0,0
2026-07-07,L01050,instagram,voluntariado,0,1
2026-07-08,L01051,web,talleres,1,0
2026-07-08,L01052,podium,general,0,0
2026-07-08,L01053,web,voluntariado,1,0
2026-07-08,L01054,facebook,talleres,0,1
2026-07-08,L01055,facebook,voluntariado,0,1
2026-07-08,L01056,facebook,talleres,1,2
2026-07-08,L01057,podium,donacion,1,1
2026-07-08,L01058,facebook,general,1,0
2026-07-09,L01059,web,talleres,1,1
2026-07-09,L01060,facebook,general,0,1
2026-07-09,L01061,facebook,voluntariado,0,1
2026-07-09,L01062,facebook,general,0,1
2026-07-09,L01063,web,talleres,1,0
2026-07-09,L01064,instagram,talleres,1,1
2026-07-09,L01065,podium,donacion,0,0
2026-07-09,L01066,podium,talleres,0,0
2026-07-09,L01067,facebook,voluntariado,1,1
2026-07-10,L01068,facebook,talleres,0,0
2026-07-10,L01069,facebook,talleres,0,0
2026-07-10,L01070,instagram,talleres,0,1
2026-07-10,L01071,instagram,talleres,0,1
2026-07-10,L01072,podium,donacion,0,1
2026-07-10,L01073,podium,voluntariado,0,1
2026-07-10,L01074,web,talleres,0,5
2026-07-11,L01075,facebook,talleres,0,1
2026-07-11,L01076,facebook,talleres,0,0
2026-07-11,L01077,facebook,general,0,1
2026-07-11,L01078,instagram,talleres,0,2
2026-07-12,L01079,facebook,voluntariado,0,1
2026-07-12,L01080,podium,voluntariado,0,0
2026-07-12,L01081,facebook,talleres,1,0
2026-07-12,L01082,instagram,general,0,0
2026-07-13,L01083,podium,talleres,1,0
2026-07-13,L01084,web,talleres,1,0
2026-07-13,L01085,facebook,talleres,0,0
2026-07-13,L01086,web,voluntariado,0,1
2026-07-13,L01087,instagram,talleres,1,0
2026-07-13,L01088,web,voluntariado,0,0
2026-07-13,L01089,facebook,talleres,0,1
2026-07-13,L01090,instagram,donacion,0,0
2026-07-14,L01091,instagram,general,0,0
2026-07-14,L01092,web,donacion,0,5
2026-07-14,L01093,web,talleres,0,0
2026-07-14,L01094,instagram,voluntariado,0,0
2026-07-14,L01095,web,voluntariado,0,0
2026-07-14,L01096,instagram,talleres,0,2
2026-07-14,L01097,referido,talleres,1,0
2026-07-14,L01098,web,donacion,0,2
2026-07-14,L01099,web,talleres,0,2
2026-07-15,L01100,facebook,talleres,0,0
2026-07-15,L01101,facebook,talleres,1,2
2026-07-15,L01102,instagram,talleres,0,0
2026-07-15,L01103,web,donacion,1,0
2026-07-15,L01104,podium,talleres,1,3
2026-07-15,L01105,referido,voluntariado,0,0
2026-07-15,L01106,podium,talleres,1,5
2026-07-15,L01107,podium,talleres,1,1
2026-07-15,L01108,podium,donacion,0,0
2026-07-15,L01109,facebook,talleres,0,0
2026-07-16,L01110,web,talleres,1,0
2026-07-16,L01111,web,voluntariado,1,0
2026-07-16,L01112,instagram,talleres,0,2
2026-07-16,L01113,web,talleres,0,3
2026-07-16,L01114,facebook,voluntariado,0,0
2026-07-16,L01115,referido,voluntariado,1,2
2026-07-16,L01116,web,talleres,0,0
2026-07-16,L01117,podium,voluntariado,0,1
2026-07-17,L01118,instagram,general,0,1
2026-07-17,L01119,facebook,talleres,0,0
2026-07-17,L01120,web,talleres,0,1
2026-07-17,L01121,instagram,general,1,1
2026-07-17,L01122,facebook,talleres,1,3
2026-07-17,L01123,instagram,talleres,1,0
2026-07-17,L01124,facebook,talleres,0,0
2026-07-17,L01125,web,voluntariado,1,5
2026-07-17,L01126,instagram,talleres,1,5
2026-07-17,L01127,facebook,talleres,1,0
2026-07-17,L01128,podium,donacion,0,0
2026-07-17,L01129,instagram,talleres,0,2
2026-07-17,L01130,web,talleres,0,0
2026-07-17,L01131,facebook,talleres,0,1
2026-07-17,L01132,podium,talleres,0,0
2026-07-17,L01133,web,talleres,1,1
2026-07-17,L01134,instagram,talleres,1,3
2026-07-17,L01135,instagram,general,0,0
2026-07-17,L01136,instagram,general,0,1
2026-07-17,L01137,instagram,talleres,1,0
2026-07-18,L01138,web,talleres,0,0
2026-07-18,L01139,web,talleres,0,1
2026-07-18,L01140,web,voluntariado,0,1
2026-07-18,L01141,web,general,0,0
2026-07-19,L01142,instagram,talleres,0,5
2026-07-19,L01143,web,talleres,1,1
2026-07-19,L01144,instagram,talleres,0,1
2026-07-19,L01145,web,voluntariado,0,0
2026-07-19,L01146,instagram,talleres,0,5
2026-07-20,L01147,web,voluntariado,0,0
2026-07-20,L01148,podium,talleres,1,1
2026-07-20,L01149,instagram,voluntariado,0,0
2026-07-20,L01150,podium,talleres,1,0
2026-07-20,L01151,web,voluntariado,0,2
2026-07-20,L01152,facebook,talleres,0,0
2026-07-20,L01153,podium,donacion,1,1
2026-07-20,L01154,facebook,donacion,1,1
2026-07-20,L01155,instagram,talleres,0,0
2026-07-21,L01156,web,talleres,1,1
2026-07-21,L01157,instagram,voluntariado,0,0
2026-07-21,L01158,web,talleres,0,1
2026-07-21,L01159,facebook,talleres,1,0
2026-07-21,L01160,web,talleres,0,0
2026-07-21,L01161,podium,voluntariado,1,0
2026-07-21,L01162,facebook,voluntariado,0,3
2026-07-21,L01163,web,donacion,0,0
2026-07-22,L01164,web,talleres,0,0
2026-07-22,L01165,web,talleres,0,5
2026-07-22,L01166,podium,donacion,1,2
2026-07-22,L01167,web,donacion,0,1
2026-07-22,L01168,web,talleres,0,0
2026-07-22,L01169,web,talleres,0,2
2026-07-22,L01170,facebook,general,1,3
2026-07-22,L01171,web,donacion,0,0
2026-07-22,L01172,facebook,general,1,1
2026-07-22,L01173,web,general,0,1
2026-07-23,L01174,instagram,general,0,2
2026-07-23,L01175,facebook,talleres,0,0
2026-07-23,L01176,referido,general,0,0
2026-07-23,L01177,referido,talleres,0,1
2026-07-23,L01178,instagram,general,1,1
2026-07-23,L01179,web,general,0,1
2026-07-23,L01180,web,talleres,0,3
2026-07-23,L01181,podium,talleres,0,0
2026-07-24,L01182,podium,donacion,0,0
2026-07-24,L01183,referido,general,0,0
2026-07-24,L01184,podium,talleres,1,1
2026-07-24,L01185,facebook,talleres,0,2
2026-07-24,L01186,web,voluntariado,0,0
2026-07-24,L01187,podium,talleres,0,1
2026-07-24,L01188,facebook,general,0,0
2026-07-25,L01189,facebook,general,0,2
2026-07-25,L01190,instagram,general,0,0
2026-07-25,L01191,web,voluntariado,0,1
2026-07-25,L01192,facebook,donacion,1,0
2026-07-25,L01193,instagram,talleres,1,2
2026-07-25,L01194,instagram,general,0,0
2026-07-26,L01195,web,general,0,1
2026-07-26,L01196,podium,talleres,1,5
2026-07-26,L01197,podium,voluntariado,1,1
2026-07-26,L01198,instagram,donacion,0,0
2026-07-26,L01199,facebook,talleres,1,1
2026-07-27,L01200,instagram,talleres,1,0
2026-07-27,L01201,instagram,general,0,3
2026-07-27,L01202,instagram,talleres,0,0
2026-07-27,L01203,facebook,talleres,0,1
2026-07-27,L01204,podium,talleres,1,5
2026-07-27,L01205,referido,general,0,1
2026-07-27,L01206,web,general,0,0
2026-07-28,L01207,facebook,general,0,2
2026-07-28,L01208,podium,talleres,0,1
2026-07-28,L01209,facebook,talleres,0,0
2026-07-28,L01210,instagram,talleres,1,3
2026-07-28,L01211,web,voluntariado,0,0
2026-07-28,L01212,web,talleres,1,1
2026-07-28,L01213,web,voluntariado,0,0
2026-07-28,L01214,podium,talleres,1,1
2026-07-28,L01215,podium,talleres,1,0
2026-07-28,L01216,facebook,donacion,0,0
2026-07-28,L01217,referido,talleres,0,1
2026-07-29,L01218,web,donacion,0,0
2026-07-29,L01219,instagram,talleres,0,1
2026-07-29,L01220,facebook,voluntariado,1,0
2026-07-29,L01221,facebook,talleres,0,3
2026-07-29,L01222,podium,talleres,1,0
2026-07-29,L01223,web,talleres,1,0
2026-07-29,L01224,facebook,talleres,1,1
2026-07-29,L01225,facebook,talleres,1,3
2026-07-29,L01226,web,general,0,2
2026-07-29,L01227,podium,general,0,0
2026-07-30,L01228,facebook,talleres,0,1
2026-07-30,L01229,podium,voluntariado,1,0
2026-07-30,L01230,web,general,1,2
2026-07-30,L01231,facebook,talleres,0,2
2026-07-30,L01232,instagram,talleres,0,0
2026-07-30,L01233,facebook,talleres,0,0
2026-07-30,L01234,referido,general,1,0
